{"cameraMode":{"drawMode":0,"name":"Shaded","section":"Shading Mode"},"sceneLighting":true,"audioPlay":false,"sceneViewState":{"m_AlwaysRefresh":false,"showFog":true,"showSkybox":true,"showFlares":true,"showImageEffects":true,"showParticleSystems":true,"showVisualEffectGraphs":true,"m_FxEnabled":true},"in2DMode":false,"pivot":{"x":1.6053776741027833,"y":12.390213012695313,"z":-25.174121856689454},"rotation":{"x":0.026681862771511079,"y":-0.02188991941511631,"z":-0.0006211335421539843,"w":-0.9994201064109802},"size":5.118140697479248,"orthographic":false}